KEY_CODE,HYOSYO,CITYNAME,NAME,HTKSYORI,HTKSAKI,GASSAN,人口総数,男,女,世帯総数
37201,1,高松市,,0,,,417496,202029,215467,187511
372010010,2,高松市,塩屋町,0,,,218,117,101,125
372010020,2,高松市,築地町,0,,,654,317,337,399
372010030,3,高松市,塩上町,0,,,1598,806,792,1018
37201003000,4,高松市,塩上町,0,,,121,69,52,87
37201003001,4,高松市,塩上町一丁目,0,,,186,101,85,124
37201003002,4,高松市,塩上町二丁目,0,,,702,346,356,456
37201003003,4,高松市,塩上町三丁目,0,,,589,290,299,351
372010040,2,高松市,八坂町,0,,,81,38,43,45
372010050,2,高松市,福田町,0,,,295,139,156,175
372010060,3,高松市,常磐町,0,,,342,167,175,229
37201006001,4,高松市,常磐町一丁目,0,,,92,47,45,53
37201006002,4,高松市,常磐町二丁目,0,,,250,120,130,176
372010070,3,高松市,瓦町,0,,,438,211,227,267
37201007001,4,高松市,瓦町一丁目,0,,,201,101,100,120
37201007002,4,高松市,瓦町二丁目,0,,,237,110,127,147
372010080,2,高松市,古馬場町,0,,,89,40,49,67
372010090,2,高松市,御坊町,0,,,72,36,36,29
372010100,2,高松市,今新町,0,,,102,44,58,60
372010110,2,高松市,大工町,0,,,169,88,81,121
372010120,2,高松市,百間町,0,,,285,129,156,151
372010130,2,高松市,片原町,0,,,260,120,140,140
372010140,2,高松市,鶴屋町,0,,,232,110,122,139
372010150,2,高松市,本町,0,,,483,244,239,345
372010160,2,高松市,北浜町,0,,,531,220,311,247
372010170,3,高松市,朝日町,0,,,389,233,156,260
37201017001,4,高松市,朝日町一丁目,0,,,28,17,11,22
37201017002,4,高松市,朝日町二丁目,0,,,351,208,143,232
37201017003,4,高松市,朝日町三丁目,0,,,10,8,2,6
37201017004,4,高松市,朝日町四丁目,0,,,-,-,-,-
37201017005,4,高松市,朝日町五丁目,0,,,-,-,-,-
37201017006,4,高松市,朝日町六丁目,0,,,-,-,-,-
372010180,2,高松市,東浜町,0,,,55,23,32,32
372010190,3,高松市,城東町,0,,,243,126,117,157
37201019001,4,高松市,城東町一丁目,0,,,131,64,67,81
37201019002,4,高松市,城東町二丁目,0,,,112,62,50,76
372010200,2,高松市,朝日新町,0,,,2,2,-,2
372010210,2,高松市,通町,0,,,48,18,30,29
372010220,2,高松市,井口町,0,,,196,107,89,146
372010230,2,高松市,末広町,0,,,352,167,185,205
372010240,3,高松市,福岡町,0,,,3618,1787,1831,2008
37201024001,4,高松市,福岡町一丁目,0,,,337,168,169,175
37201024002,4,高松市,福岡町二丁目,0,,,1110,553,557,631
37201024003,4,高松市,福岡町三丁目,0,,,990,521,469,590
37201024004,4,高松市,福岡町四丁目,0,,,1181,545,636,612
372010250,3,高松市,松福町,0,,,2349,1464,885,1028
37201025001,4,高松市,松福町一丁目,0,,,997,492,505,562
37201025002,4,高松市,松福町二丁目,0,,,1352,972,380,466
372010260,3,高松市,松島町,0,,,2886,1377,1509,1561
37201026000,4,高松市,松島町,0,,,163,66,97,111
37201026001,4,高松市,松島町一丁目,0,,,456,233,223,261
37201026002,4,高松市,松島町二丁目,0,,,949,446,503,549
37201026003,4,高松市,松島町三丁目,0,,,1318,632,686,640
372010270,3,高松市,多賀町,0,,,1568,759,809,813
37201027001,4,高松市,多賀町一丁目,0,,,216,101,115,109
37201027002,4,高松市,多賀町二丁目,0,,,615,304,311,295
37201027003,4,高松市,多賀町三丁目,0,,,737,354,383,409
372010280,3,高松市,花園町,0,,,1543,718,825,804
37201028001,4,高松市,花園町一丁目,0,,,677,326,351,337
37201028002,4,高松市,花園町二丁目,0,,,347,169,178,194
37201028003,4,高松市,花園町三丁目,0,,,519,223,296,273
372010290,3,高松市,観光通,0,,,392,214,178,277
37201029001,4,高松市,観光通一丁目,0,,,243,128,115,166
37201029002,4,高松市,観光通二丁目,0,,,149,86,63,111
372010300,2,高松市,田町,0,,,358,172,186,214
372010310,2,高松市,東田町,0,,,169,78,91,117
372010320,3,高松市,藤塚町,0,,,2574,1156,1418,1461
37201032000,4,高松市,藤塚町,0,,,27,11,16,14
37201032001,4,高松市,藤塚町一丁目,0,,,919,397,522,521
37201032002,4,高松市,藤塚町二丁目,0,,,969,443,526,573
37201032003,4,高松市,藤塚町三丁目,0,,,659,305,354,353
372010330,3,高松市,栗林町,0,,,2971,1389,1582,1545
37201033001,4,高松市,栗林町一丁目,0,,,1066,489,577,528
37201033002,4,高松市,栗林町二丁目,0,,,1322,626,696,718
37201033003,4,高松市,栗林町三丁目,0,,,583,274,309,299
372010340,3,高松市,桜町,0,,,3472,1628,1844,1434
37201034001,4,高松市,桜町一丁目,0,,,2006,924,1082,844
37201034002,4,高松市,桜町二丁目,0,,,1466,704,762,590
372010350,3,高松市,楠上町,0,,,2384,1148,1236,1022
37201035001,4,高松市,楠上町一丁目,0,,,1190,564,626,523
37201035002,4,高松市,楠上町二丁目,0,,,1194,584,610,499
372010360,3,高松市,花ノ宮町,0,,,1859,924,935,935
37201036001,4,高松市,花ノ宮町一丁目,0,,,647,314,333,331
37201036002,4,高松市,花ノ宮町二丁目,0,,,843,443,400,433
37201036003,4,高松市,花ノ宮町三丁目,0,,,369,167,202,171
372010370,3,高松市,上之町,0,,,2496,1255,1241,1254
37201037001,4,高松市,上之町一丁目,0,,,695,319,376,329
37201037002,4,高松市,上之町二丁目,0,,,885,438,447,456
37201037003,4,高松市,上之町三丁目,0,,,916,498,418,469
372010380,2,高松市,旅籠町,0,,,183,96,87,103
372010390,2,高松市,中新町,0,,,237,133,104,159
372010400,2,高松市,天神前,0,,,539,243,296,260
372010410,2,高松市,中央町,0,,,1424,735,689,894
372010420,2,高松市,中野町,0,,,1384,697,687,844
372010430,2,高松市,亀岡町,0,,,539,272,267,339
372010440,3,高松市,番町,0,,,2381,1147,1234,1160
37201044001,4,高松市,番町一丁目,0,,,275,125,150,115
37201044002,4,高松市,番町二丁目,0,,,361,175,186,180
37201044003,4,高松市,番町三丁目,0,,,706,320,386,307
37201044004,4,高松市,番町四丁目,0,,,545,289,256,307
37201044005,4,高松市,番町五丁目,0,,,494,238,256,251
372010450,2,高松市,紫雲町,0,,,233,109,124,161
372010460,2,高松市,新北町,0,,,1451,739,712,834
372010470,3,高松市,宮脇町,0,,,4271,2073,2198,2372
37201047001,4,高松市,宮脇町一丁目,0,,,1899,904,995,1070
37201047002,4,高松市,宮脇町二丁目,0,,,2372,1169,1203,1302
372010480,3,高松市,西宝町,0,,,2631,1285,1346,1492
37201048001,4,高松市,西宝町一丁目,0,,,1276,596,680,748
37201048002,4,高松市,西宝町二丁目,0,,,959,489,470,523
37201048003,4,高松市,西宝町三丁目,0,,,396,200,196,221
372010490,2,高松市,茜町,0,,,1543,767,776,774
372010500,2,高松市,西町,0,,,1170,580,590,618
372010510,2,高松市,瀬戸内町,0,,,847,419,428,466
372010520,3,高松市,扇町,0,,,2407,1195,1212,1470
37201052001,4,高松市,扇町一丁目,0,,,1354,656,698,782
37201052002,4,高松市,扇町二丁目,0,,,572,306,266,371
37201052003,4,高松市,扇町三丁目,0,,,481,233,248,317
372010530,3,高松市,昭和町,0,,,1895,921,974,984
37201053001,4,高松市,昭和町一丁目,0,,,1234,600,634,630
37201053002,4,高松市,昭和町二丁目,0,,,661,321,340,354
372010540,2,高松市,幸町,0,,,65,-,65,1
372010550,3,高松市,錦町,0,,,3001,1520,1481,1677
37201055001,4,高松市,錦町一丁目,0,,,1795,908,887,1007
37201055002,4,高松市,錦町二丁目,0,,,1206,612,594,670
372010561,2,高松市,浜ノ町,0,,,4244,2017,2227,2111
372010562,2,高松市,サンポート,0,,,-,-,-,-
372010570,2,高松市,玉藻町,0,,,36,17,19,29
372010580,2,高松市,丸の内,0,,,521,232,289,292
372010590,2,高松市,内町,0,,,107,57,50,53
372010600,3,高松市,寿町,0,,,91,47,44,47
37201060001,4,高松市,寿町一丁目,0,,,87,44,43,45
37201060002,4,高松市,寿町二丁目,0,,,4,3,1,2
372010610,2,高松市,西の丸町,0,,,160,85,75,93
372010620,2,高松市,西内町,0,,,297,146,151,160
372010630,2,高松市,兵庫町,0,,,131,60,71,75
372010640,2,高松市,古新町,0,,,279,137,142,185
372010650,2,高松市,磨屋町,0,,,129,73,56,79
372010660,2,高松市,紺屋町,0,,,339,147,192,132
372010670,2,高松市,鍛冶屋町,0,,,55,31,24,38
372010680,2,高松市,丸亀町,0,,,267,122,145,155
372010690,2,高松市,南新町,0,,,58,26,32,24
372010700,2,高松市,亀井町,0,,,111,67,44,81
372010710,2,高松市,観光町,0,,,871,424,447,453
372010721,3,高松市,上福岡町,0,,,3463,1618,1845,1687
37201072100,4,高松市,上福岡町,0,,,3181,1487,1694,1544
37201072101,4,高松市,上福岡町,0,,,282,131,151,143
372010730,2,高松市,峰山町,0,,,136,69,67,56
372010740,2,高松市,室町,0,,,360,165,195,178
372010750,2,高松市,室新町,0,,,1196,562,634,529
372010760,2,高松市,東ハゼ町,0,,,793,372,421,440
372010770,2,高松市,西ハゼ町,0,,,693,346,347,385
372010780,2,高松市,紙町,0,,,1013,489,524,616
372010790,2,高松市,松並町,0,,,1110,511,599,562
372010800,2,高松市,西春日町,0,,,1159,550,609,616
372010810,2,高松市,勅使町,0,,,1727,936,791,837
372010820,2,高松市,田村町,0,,,2328,1211,1117,1370
372010830,2,高松市,上天神町,0,,,1826,978,848,1043
372010840,2,高松市,三条町,0,,,4862,2352,2510,2255
372010850,3,高松市,今里町,0,,,3277,1622,1655,1603
37201085000,4,高松市,今里町,0,,,1067,536,531,551
37201085001,4,高松市,今里町一丁目,0,,,1268,614,654,584
37201085002,4,高松市,今里町二丁目,0,,,942,472,470,468
372010860,2,高松市,松縄町,0,,,5786,2830,2956,2553
372010870,2,高松市,伏石町,0,,,8199,3919,4280,3573
372010880,2,高松市,太田下町,0,,,8132,3912,4220,3567
372010890,2,高松市,太田上町,0,,,6665,3125,3540,3105
372010900,3,高松市,木太町,0,,,31102,14927,16175,14179
37201090001,4,高松市,木太町一区,0,,,3607,1745,1862,1502
37201090002,4,高松市,木太町二区,0,,,4253,1993,2260,1998
37201090003,4,高松市,木太町三区,0,,,2350,1120,1230,1242
37201090004,4,高松市,木太町四区,0,,,1775,878,897,772
37201090005,4,高松市,木太町五区,0,,,679,304,375,327
37201090006,4,高松市,木太町六区,0,,,4971,2508,2463,2442
37201090007,4,高松市,木太町七区,0,,,6071,2869,3202,2715
37201090008,4,高松市,木太町八区,0,,,3393,1593,1800,1478
37201090009,4,高松市,木太町九区,0,,,4003,1917,2086,1703
372010910,2,高松市,春日町,0,,,4831,2437,2394,2094
372010920,2,高松市,新田町,0,,,5119,2451,2668,1805
372010931,3,高松市,高松町,0,,,11512,5339,6173,5146
37201093100,4,高松市,高松町,0,,,4959,2288,2671,2354
37201093101,4,高松市,高松町,0,,,6553,3051,3502,2792
372010940,2,高松市,屋島東町,0,,,3118,1469,1649,1304
372010950,2,高松市,屋島中町,0,,,1698,864,834,743
372010961,3,高松市,屋島西町,0,,,13947,6722,7225,6661
37201096100,4,高松市,屋島西町,0,,,7735,3677,4058,3726
37201096101,4,高松市,屋島西町,0,,,6212,3045,3167,2935
372010970,2,高松市,前田西町,0,,,1328,607,721,504
372010980,2,高松市,前田東町,0,,,2024,996,1028,965
372010990,2,高松市,亀田町,0,,,952,447,505,442
372011000,2,高松市,元山町,0,,,4748,2284,2464,2362
372011010,2,高松市,東山崎町,0,,,3922,1861,2061,2036
372011020,2,高松市,下田井町,0,,,1654,769,885,678
372011030,2,高松市,林町,0,,,8671,4408,4263,3994
372011040,2,高松市,六条町,0,,,3086,1511,1575,1345
372011050,2,高松市,上林町,0,,,3048,1513,1535,1180
372011060,2,高松市,三谷町,0,,,5325,2659,2666,1906
372011070,2,高松市,多肥下町,0,,,4465,2176,2289,1939
372011080,2,高松市,多肥上町,0,,,8573,4104,4469,3184
372011090,2,高松市,出作町,0,,,1497,703,794,582
372011101,3,高松市,仏生山町,0,,,8013,3850,4163,3590
37201110100,4,高松市,仏生山町,0,,,7745,3747,3998,3506
37201110101,4,高松市,仏生山町,0,,,268,103,165,84
372011110,2,高松市,三名町,0,,,1047,486,561,521
372011120,2,高松市,鹿角町,0,,,1680,819,861,757
372011130,2,高松市,成合町,0,,,2904,1374,1530,1312
372011140,2,高松市,一宮町,0,,,4926,2300,2626,2086
372011150,2,高松市,寺井町,0,,,3989,1828,2161,1905
372011160,2,高松市,川部町,0,,,2746,1352,1394,1012
372011170,2,高松市,岡本町,0,,,1683,779,904,639
372011180,2,高松市,円座町,0,,,7906,3775,4131,3193
372011190,2,高松市,西山崎町,0,,,2470,1192,1278,924
372011200,2,高松市,檀紙町,0,,,3573,1731,1842,1424
372011210,2,高松市,御厩町,0,,,2590,1289,1301,959
372011220,2,高松市,中間町,0,,,1733,836,897,603
372011230,2,高松市,郷東町,0,,,3069,1546,1523,1525
372011240,2,高松市,鶴市町,0,,,5058,2477,2581,2176
372011250,2,高松市,飯田町,0,,,2824,1394,1430,1147
372011260,2,高松市,鬼無町藤井,0,,,1283,640,643,540
372011270,2,高松市,鬼無町是竹,0,,,899,448,451,412
372011280,2,高松市,鬼無町佐料,0,,,755,371,384,285
372011290,2,高松市,鬼無町佐藤,0,,,1006,504,502,407
372011300,2,高松市,鬼無町山口,0,,,351,175,176,144
372011310,2,高松市,鬼無町鬼無,0,,,1280,574,706,500
372011320,2,高松市,香西本町,0,,,2655,1257,1398,1196
372011330,2,高松市,香西東町,0,,,1782,858,924,901
372011340,2,高松市,香西南町,0,,,2764,1358,1406,1146
372011350,2,高松市,香西西町,0,,,873,430,443,381
372011360,2,高松市,香西北町,0,,,1849,903,946,782
372011370,2,高松市,神在川窪町,0,,,1102,541,561,456
372011380,2,高松市,植松町,0,,,484,232,252,233
372011390,2,高松市,中山町,0,,,1341,608,733,495
372011400,2,高松市,生島町,0,,,1151,538,613,466
372011410,2,高松市,亀水町,0,,,904,458,446,348
372011420,2,高松市,女木町,0,,,125,60,65,81
372011430,2,高松市,男木町,0,,,132,57,75,77
372011440,2,高松市,由良町,0,,,3489,1675,1814,1546
372011450,2,高松市,川島本町,0,,,1375,612,763,502
372011460,2,高松市,川島東町,0,,,4388,2123,2265,1796
372011470,2,高松市,小村町,0,,,1862,914,948,807
372011480,2,高松市,亀田南町,0,,,1593,775,818,714
372011490,2,高松市,十川西町,0,,,2859,1337,1522,1010
372011500,2,高松市,十川東町,0,,,2375,1164,1211,959
372011510,2,高松市,池田町,0,,,803,406,397,297
372011520,2,高松市,東植田町,0,,,870,430,440,355
372011530,2,高松市,西植田町,0,,,1633,778,855,610
372011540,2,高松市,菅沢町,0,,,62,37,25,31
372011550,2,高松市,浜ノ町，サンポート地区,0,,,-,-,-,-
372011560,2,高松市,塩江町安原下,0,,,1000,488,512,422
372011570,2,高松市,塩江町安原上,0,,,306,153,153,137
372011580,2,高松市,塩江町安原上東,0,,,628,304,324,258
372011590,2,高松市,塩江町上西,0,,,268,121,147,147
372011600,3,高松市,牟礼町牟礼,0,,,9927,4718,5209,4137
37201160000,4,高松市,牟礼町牟礼,0,,,9275,4409,4866,3854
37201160001,4,高松市,牟礼町牟礼,0,,,652,309,343,283
372011610,2,高松市,牟礼町大町,0,,,4652,2243,2409,1963
372011620,2,高松市,牟礼町原,0,,,1965,923,1042,732
372011630,2,高松市,庵治町,0,,,4592,2192,2400,1856
372011640,2,高松市,香川町東谷,0,,,201,96,105,92
372011650,2,高松市,香川町川内原,0,,,968,463,505,356
372011660,2,高松市,香川町川東上,0,,,3251,1569,1682,1343
372011670,2,高松市,香川町川東下,0,,,2154,1037,1117,820
372011680,3,高松市,香川町浅野,0,,,7950,3819,4131,3205
37201168000,4,高松市,香川町浅野,0,,,7918,3803,4115,3187
37201168001,4,高松市,香川町浅野,0,,,32,16,16,18
372011690,2,高松市,香川町大野,0,,,6869,3318,3551,2751
372011700,2,高松市,香川町寺井,0,,,368,177,191,148
372011710,2,高松市,香川町安原下,0,,,204,97,107,93
372011720,2,高松市,香南町吉光,0,,,698,357,341,262
372011730,2,高松市,香南町由佐,0,,,2067,1000,1067,746
372011740,2,高松市,香南町岡,0,,,678,319,359,243
372011750,2,高松市,香南町横井,0,,,1288,620,668,474
372011760,2,高松市,香南町西庄,0,,,1540,771,769,626
372011770,2,高松市,香南町池内,0,,,863,440,423,333
372011780,2,高松市,国分寺町新居,0,,,7022,3415,3607,2943
372011790,2,高松市,国分寺町新名,0,,,4673,2222,2451,1788
372011800,2,高松市,国分寺町柏原,0,,,2050,982,1068,860
372011810,2,高松市,国分寺町福家,0,,,5138,2510,2628,2012
372011820,2,高松市,国分寺町国分,0,,,4905,2380,2525,2014
37202,1,丸亀市,,0,,,109513,53018,56495,45721
372020010,2,丸亀市,風袋町,0,,,395,182,213,166
372020020,2,丸亀市,瓦町,0,,,196,90,106,84
372020030,2,丸亀市,葭町,0,,,128,59,69,64
372020040,2,丸亀市,米屋町,0,,,38,15,23,16
372020050,2,丸亀市,松屋町,0,,,26,8,18,8
372020060,2,丸亀市,魚屋町,0,,,66,29,37,20
372020070,2,丸亀市,宗古町,0,,,42,8,34,4
372020080,2,丸亀市,西平山町,0,,,405,219,186,242
372020090,2,丸亀市,港町,0,,,12,7,5,6
372020100,2,丸亀市,通町,0,,,225,94,131,83
372020110,2,丸亀市,富屋町,0,,,173,81,92,92
372020120,2,丸亀市,浜町,0,,,232,120,112,126
372020130,2,丸亀市,本町,0,,,203,95,108,94
372020140,2,丸亀市,福島町,0,,,432,237,195,232
372020150,2,丸亀市,新町,0,,,63,28,35,38
372020160,2,丸亀市,塩飽町,0,,,90,37,53,41
372020170,2,丸亀市,南条町,0,,,122,61,61,66
372020180,2,丸亀市,一番丁,0,,,-,-,-,-
372020190,2,丸亀市,六番丁,0,,,98,49,49,46
372020200,2,丸亀市,七番丁,0,,,137,63,74,59
372020210,2,丸亀市,八番丁,0,,,74,36,38,32
372020220,2,丸亀市,九番丁,0,,,173,73,100,84
372020230,2,丸亀市,十番丁,0,,,223,86,137,111
372020240,2,丸亀市,城南町,0,,,360,157,203,165
372020250,2,丸亀市,今津町,0,,,3077,1483,1594,1323
372020260,2,丸亀市,津森町,0,,,3530,1699,1831,1455
372020270,2,丸亀市,金倉町,0,,,1724,840,884,644
372020280,2,丸亀市,中津町,0,,,1697,869,828,823
372020290,2,丸亀市,新田町,0,,,613,285,328,230
372020300,2,丸亀市,田村町,0,,,3790,1887,1903,1735
372020310,2,丸亀市,山北町,0,,,2947,1428,1519,1239
372020320,2,丸亀市,柞原町,0,,,2499,1222,1277,898
372020330,2,丸亀市,川西町北,0,,,4596,2265,2331,1887
372020340,2,丸亀市,川西町南,0,,,2085,994,1091,786
372020351,3,丸亀市,土器町北,0,,,185,109,76,160
37202035101,4,丸亀市,土器町北一丁目,0,,,92,52,40,81
37202035102,4,丸亀市,土器町北二丁目,0,,,93,57,36,79
372020352,3,丸亀市,土器町東,0,,,7956,3845,4111,3810
37202035201,4,丸亀市,土器町東一丁目,0,,,1411,666,745,629
37202035202,4,丸亀市,土器町東二丁目,0,,,390,205,185,178
37202035203,4,丸亀市,土器町東三丁目,0,,,668,332,336,277
37202035204,4,丸亀市,土器町東四丁目,0,,,996,443,553,431
37202035205,4,丸亀市,土器町東五丁目,0,,,920,497,423,500
37202035206,4,丸亀市,土器町東六丁目,0,,,559,278,281,287
37202035207,4,丸亀市,土器町東七丁目,0,,,1544,732,812,732
37202035208,4,丸亀市,土器町東八丁目,0,,,1135,513,622,605
37202035209,4,丸亀市,土器町東九丁目,0,,,333,179,154,171
372020353,3,丸亀市,土器町西,0,,,4534,2188,2346,1965
37202035301,4,丸亀市,土器町西一丁目,0,,,687,334,353,252
37202035302,4,丸亀市,土器町西二丁目,0,,,359,160,199,134
37202035303,4,丸亀市,土器町西三丁目,0,,,499,260,239,187
37202035304,4,丸亀市,土器町西四丁目,0,,,574,262,312,236
37202035305,4,丸亀市,土器町西五丁目,0,,,696,333,363,305
37202035306,4,丸亀市,土器町西六丁目,0,,,466,233,233,235
37202035307,4,丸亀市,土器町西七丁目,0,,,607,302,305,326
37202035308,4,丸亀市,土器町西八丁目,0,,,646,304,342,290
372020360,2,丸亀市,郡家町,0,,,9348,4549,4799,3738
372020370,2,丸亀市,三条町,0,,,3843,1865,1978,1581
372020380,2,丸亀市,原田町,0,,,1501,760,741,645
372020390,2,丸亀市,飯野町東二,0,,,2608,1232,1376,946
372020400,2,丸亀市,飯野町東分,0,,,1976,959,1017,785
372020410,2,丸亀市,飯野町西分,0,,,585,283,302,233
372020420,2,丸亀市,垂水町,0,,,5674,2703,2971,2042
372020430,2,丸亀市,昭和町,0,,,179,173,6,172
372020440,2,丸亀市,蓬莱町,0,,,14,13,1,14
372020450,2,丸亀市,本島町笠島,0,,,84,37,47,55
372020460,2,丸亀市,本島町泊,0,,,53,24,29,29
372020470,2,丸亀市,本島町甲生,0,,,6,3,3,5
372020480,2,丸亀市,本島町小阪,0,,,91,44,47,46
372020490,2,丸亀市,本島町大浦,0,,,4,3,1,4
372020500,2,丸亀市,本島町福田,0,,,43,21,22,21
372020510,2,丸亀市,本島町尻浜,0,,,6,3,3,4
372020520,2,丸亀市,本島町生ノ浜,0,,,5,2,3,4
372020530,2,丸亀市,牛島,0,,,8,2,6,6
372020540,2,丸亀市,広島町立石,0,,,26,15,11,15
372020550,2,丸亀市,広島町江の浦,0,,,33,12,21,24
372020560,2,丸亀市,広島町釜の越,0,,,25,10,15,16
372020570,2,丸亀市,広島町甲路,0,,,12,4,8,10
372020580,2,丸亀市,広島町青木,0,,,42,20,22,28
372020590,2,丸亀市,広島町市井,0,,,12,5,7,11
372020600,2,丸亀市,広島町茂浦,0,,,20,12,8,13
372020610,2,丸亀市,広島町小手島,0,,,38,20,18,20
372020620,2,丸亀市,手島町,0,,,22,14,8,18
372020630,3,丸亀市,富士見町,0,,,890,427,463,420
37202063001,4,丸亀市,富士見町一丁目,0,,,382,200,182,200
37202063002,4,丸亀市,富士見町二丁目,0,,,288,116,172,139
37202063003,4,丸亀市,富士見町三丁目,0,,,-,-,-,-
37202063004,4,丸亀市,富士見町四丁目,0,,,-,-,-,-
37202063005,4,丸亀市,富士見町五丁目,0,,,220,111,109,81
372020640,2,丸亀市,上真島,0,,,-,-,-,-
372020650,3,丸亀市,土居町,0,,,1209,573,636,563
37202065001,4,丸亀市,土居町一丁目,0,,,336,162,174,153
37202065002,4,丸亀市,土居町二丁目,0,,,621,287,334,298
37202065003,4,丸亀市,土居町三丁目,0,,,252,124,128,112
372020660,3,丸亀市,城東町,0,,,1344,605,739,665
37202066001,4,丸亀市,城東町一丁目,0,,,460,220,240,227
37202066002,4,丸亀市,城東町二丁目,0,,,606,276,330,283
37202066003,4,丸亀市,城東町三丁目,0,,,278,109,169,155
372020670,3,丸亀市,御供所町,0,,,771,371,400,376
37202067001,4,丸亀市,御供所町一丁目,0,,,325,154,171,146
37202067002,4,丸亀市,御供所町二丁目,0,,,446,217,229,230
372020680,3,丸亀市,北平山町,0,,,444,213,231,232
37202068001,4,丸亀市,北平山町一丁目,0,,,146,68,78,75
37202068002,4,丸亀市,北平山町二丁目,0,,,298,145,153,157
372020690,3,丸亀市,西本町,0,,,725,348,377,397
37202069001,4,丸亀市,西本町一丁目,0,,,278,139,139,161
37202069002,4,丸亀市,西本町二丁目,0,,,447,209,238,236
372020700,3,丸亀市,幸町,0,,,387,176,211,183
37202070001,4,丸亀市,幸町一丁目,0,,,129,63,66,58
37202070002,4,丸亀市,幸町二丁目,0,,,258,113,145,125
372020710,2,丸亀市,原田団地,0,,,201,101,100,154
372020720,3,丸亀市,城西町,0,,,501,244,257,238
37202072001,4,丸亀市,城西町一丁目,0,,,190,84,106,96
37202072002,4,丸亀市,城西町二丁目,0,,,311,160,151,142
372020730,3,丸亀市,中府町,0,,,2582,1185,1397,1084
37202073001,4,丸亀市,中府町一丁目,0,,,557,251,306,241
37202073002,4,丸亀市,中府町二丁目,0,,,451,205,246,185
37202073003,4,丸亀市,中府町三丁目,0,,,639,309,330,290
37202073004,4,丸亀市,中府町四丁目,0,,,329,148,181,132
37202073005,4,丸亀市,中府町五丁目,0,,,606,272,334,236
372020740,3,丸亀市,新浜町,0,,,513,291,222,291
37202074001,4,丸亀市,新浜町一丁目,0,,,187,105,82,93
37202074002,4,丸亀市,新浜町二丁目,0,,,326,186,140,198
372020750,3,丸亀市,前塩屋町,0,,,673,321,352,331
37202075001,4,丸亀市,前塩屋町一丁目,0,,,385,188,197,199
37202075002,4,丸亀市,前塩屋町二丁目,0,,,288,133,155,132
372020760,3,丸亀市,塩屋町,0,,,1953,942,1011,963
37202076001,4,丸亀市,塩屋町一丁目,0,,,106,57,49,62
37202076002,4,丸亀市,塩屋町二丁目,0,,,552,258,294,256
37202076003,4,丸亀市,塩屋町三丁目,0,,,472,246,226,238
37202076004,4,丸亀市,塩屋町四丁目,0,,,212,100,112,110
37202076005,4,丸亀市,塩屋町五丁目,0,,,611,281,330,297
372020770,3,丸亀市,天満町,0,,,455,217,238,193
37202077001,4,丸亀市,天満町一丁目,0,,,298,144,154,116
37202077002,4,丸亀市,天満町二丁目,0,,,157,73,84,77
372020780,3,丸亀市,大手町,0,,,277,138,139,130
37202078001,4,丸亀市,大手町一丁目,0,,,117,53,64,59
37202078002,4,丸亀市,大手町二丁目,0,,,4,1,3,3
37202078003,4,丸亀市,大手町三丁目,0,,,156,84,72,68
372020790,2,丸亀市,飯山町上法軍寺,0,,,1895,883,1012,660
372020800,2,丸亀市,飯山町下法軍寺,0,,,2542,1237,1305,946
372020810,2,丸亀市,飯山町東小川,0,,,1916,944,972,741
372020820,2,丸亀市,飯山町西坂元,0,,,1687,817,870,610
372020830,2,丸亀市,飯山町真時,0,,,1276,619,657,481
372020840,2,丸亀市,飯山町川原,0,,,2272,1085,1187,850
372020850,2,丸亀市,飯山町東坂元,0,,,5043,2479,2564,2024
372020860,2,丸亀市,綾歌町岡田上,0,,,1252,609,643,487
372020870,2,丸亀市,綾歌町岡田下,0,,,689,307,382,225
372020880,2,丸亀市,綾歌町岡田東,0,,,1167,577,590,427
372020890,2,丸亀市,綾歌町岡田西,0,,,1099,531,568,399
372020900,2,丸亀市,綾歌町栗熊東,0,,,1389,661,728,443
372020910,2,丸亀市,綾歌町栗熊西,0,,,1152,543,609,446
372020920,2,丸亀市,綾歌町富熊,0,,,3805,1838,1967,1443
37203,1,坂出市,,0,,,50624,24145,26479,21272
372030010,2,坂出市,川崎町,0,,,-,-,-,-
372030020,2,坂出市,坂出町,0,,,1,-,1,1
372030030,3,坂出市,御供所町,0,,,451,221,230,217
37203003001,4,坂出市,御供所町一丁目,0,,,179,81,98,74
37203003002,4,坂出市,御供所町二丁目,0,,,131,69,62,72
37203003003,4,坂出市,御供所町三丁目,0,,,141,71,70,71
372030040,2,坂出市,宮下町,0,,,221,110,111,98
372030050,2,坂出市,中央町,0,,,810,370,440,392
372030060,3,坂出市,築港町,0,,,341,197,144,237
37203006001,4,坂出市,築港町一丁目,0,,,339,196,143,236
37203006002,4,坂出市,築港町二丁目,0,,,2,1,1,1
372030070,3,坂出市,常盤町,0,,,209,89,120,117
37203007001,4,坂出市,常盤町一丁目,0,,,204,87,117,113
37203007002,4,坂出市,常盤町二丁目,0,,,5,2,3,4
372030080,3,坂出市,八幡町,0,,,1046,511,535,488
37203008001,4,坂出市,八幡町一丁目,0,,,422,204,218,176
37203008002,4,坂出市,八幡町二丁目,0,,,271,140,131,127
37203008003,4,坂出市,八幡町三丁目,0,,,184,90,94,99
37203008004,4,坂出市,八幡町四丁目,0,,,169,77,92,86
372030090,3,坂出市,白金町,0,,,950,436,514,413
37203009001,4,坂出市,白金町一丁目,0,,,166,81,85,68
37203009002,4,坂出市,白金町二丁目,0,,,295,131,164,122
37203009003,4,坂出市,白金町三丁目,0,,,489,224,265,223
372030100,3,坂出市,寿町,0,,,533,231,302,215
37203010001,4,坂出市,寿町一丁目,0,,,178,75,103,65
37203010002,4,坂出市,寿町二丁目,0,,,181,74,107,73
37203010003,4,坂出市,寿町三丁目,0,,,174,82,92,77
372030110,3,坂出市,本町,0,,,960,462,498,428
37203011001,4,坂出市,本町一丁目,0,,,576,278,298,228
37203011002,4,坂出市,本町二丁目,0,,,183,86,97,87
37203011003,4,坂出市,本町三丁目,0,,,201,98,103,113
372030120,3,坂出市,元町,0,,,1151,518,633,500
37203012001,4,坂出市,元町一丁目,0,,,519,234,285,212
37203012002,4,坂出市,元町二丁目,0,,,214,97,117,97
37203012003,4,坂出市,元町三丁目,0,,,192,87,105,84
37203012004,4,坂出市,元町四丁目,0,,,226,100,126,107
372030130,3,坂出市,京町,0,,,1194,523,671,526
37203013001,4,坂出市,京町一丁目,0,,,169,76,93,73
37203013002,4,坂出市,京町二丁目,0,,,408,190,218,212
37203013003,4,坂出市,京町三丁目,0,,,617,257,360,241
372030140,3,坂出市,室町,0,,,433,211,222,226
37203014001,4,坂出市,室町一丁目,0,,,120,53,67,57
37203014002,4,坂出市,室町二丁目,0,,,76,38,38,41
37203014003,4,坂出市,室町三丁目,0,,,237,120,117,128
372030150,3,坂出市,旭町,0,,,941,461,480,454
37203015001,4,坂出市,旭町一丁目,0,,,168,79,89,79
37203015002,4,坂出市,旭町二丁目,0,,,459,221,238,214
37203015003,4,坂出市,旭町三丁目,0,,,314,161,153,161
372030160,3,坂出市,横津町,0,,,713,327,386,309
37203016001,4,坂出市,横津町一丁目,0,,,121,56,65,53
37203016002,4,坂出市,横津町二丁目,0,,,230,108,122,112
37203016003,4,坂出市,横津町三丁目,0,,,362,163,199,144
372030170,3,坂出市,久米町,0,,,2246,1132,1114,1079
37203017001,4,坂出市,久米町一丁目,0,,,1242,625,617,597
37203017002,4,坂出市,久米町二丁目,0,,,1004,507,497,482
372030180,3,坂出市,昭和町,0,,,589,298,291,261
37203018001,4,坂出市,昭和町一丁目,0,,,588,298,290,260
37203018002,4,坂出市,昭和町二丁目,0,,,1,-,1,1
372030190,3,坂出市,入船町,0,,,83,36,47,32
37203019001,4,坂出市,入船町一丁目,0,,,83,36,47,32
37203019002,4,坂出市,入船町二丁目,0,,,-,-,-,-
372030200,2,坂出市,新浜町,0,,,350,169,181,154
372030210,3,坂出市,富士見町,0,,,789,361,428,363
37203021001,4,坂出市,富士見町一丁目,0,,,469,216,253,210
37203021002,4,坂出市,富士見町二丁目,0,,,320,145,175,153
372030220,3,坂出市,文京町,0,,,457,200,257,215
37203022001,4,坂出市,文京町一丁目,0,,,304,136,168,152
37203022002,4,坂出市,文京町二丁目,0,,,153,64,89,63
372030230,2,坂出市,青葉町,0,,,571,268,303,253
372030240,2,坂出市,池園町,0,,,523,256,267,232
372030250,2,坂出市,大池町,0,,,181,87,94,78
372030260,2,坂出市,花町,0,,,386,174,212,153
372030270,2,坂出市,小山町,0,,,234,95,139,60
372030280,3,坂出市,駒止町,0,,,811,372,439,362
37203028001,4,坂出市,駒止町一丁目,0,,,541,236,305,249
37203028002,4,坂出市,駒止町二丁目,0,,,270,136,134,113
372030290,2,坂出市,笠指町,0,,,399,185,214,182
372030300,3,坂出市,谷町,0,,,1718,820,898,768
37203030001,4,坂出市,谷町一丁目,0,,,644,310,334,278
37203030002,4,坂出市,谷町二丁目,0,,,1052,501,551,478
37203030003,4,坂出市,谷町三丁目,0,,,22,9,13,12
372030310,3,坂出市,福江町,0,,,1441,671,770,658
37203031001,4,坂出市,福江町一丁目,0,,,506,237,269,231
37203031002,4,坂出市,福江町二丁目,0,,,606,291,315,271
37203031003,4,坂出市,福江町三丁目,0,,,329,143,186,156
37203031004,4,坂出市,福江町,0,,,-,-,-,-
372030320,2,坂出市,江尻町,0,,,3040,1508,1532,1346
372030330,2,坂出市,西庄町,0,,,1721,839,882,653
372030340,2,坂出市,瀬居町,0,,,567,272,295,230
372030350,2,坂出市,沙弥島,0,,,88,46,42,32
372030360,2,坂出市,与島町,0,,,67,28,39,39
372030370,2,坂出市,岩黒,0,,,55,24,31,24
372030380,2,坂出市,櫃石,0,,,151,67,84,71
372030390,2,坂出市,林田町,0,,,5686,2753,2933,2249
372030400,2,坂出市,加茂町,0,,,3272,1529,1743,1003
372030410,2,坂出市,府中町,0,,,4171,1988,2183,1608
372030420,2,坂出市,川津町,0,,,5638,2678,2960,2259
372030430,2,坂出市,神谷町,0,,,431,216,215,160
372030440,2,坂出市,高屋町,0,,,1221,610,611,509
372030450,2,坂出市,青海町,0,,,695,342,353,277
372030460,2,坂出市,大屋冨町,0,,,1129,526,603,421
372030470,2,坂出市,王越町,0,,,775,369,406,371
372030480,2,坂出市,番の州町,0,,,3,1,2,1
372030490,2,坂出市,番の州緑町,0,,,-,-,-,-
372030500,2,坂出市,番の州公園,0,,,-,-,-,-
372030510,2,坂出市,沖の浜,0,,,67,13,54,9
372030520,3,坂出市,西大浜南,0,,,831,403,428,361
37203052001,4,坂出市,西大浜南一丁目,0,,,386,193,193,153
37203052002,4,坂出市,西大浜南二丁目,0,,,224,110,114,91
37203052003,4,坂出市,西大浜南三丁目,0,,,221,100,121,117
372030530,3,坂出市,西大浜北,0,,,284,142,142,178
37203053001,4,坂出市,西大浜北一丁目,0,,,57,28,29,35
37203053002,4,坂出市,西大浜北二丁目,0,,,160,83,77,97
37203053003,4,坂出市,西大浜北三丁目,0,,,10,5,5,4
37203053004,4,坂出市,西大浜北四丁目,0,,,57,26,31,42
372030540,2,坂出市,坂出港,0,,,-,-,-,-
37204,1,善通寺市,,0,,,31631,15725,15906,13145
372040010,2,善通寺市,下吉田町,0,,,1171,537,634,505
372040020,2,善通寺市,稲木町,0,,,1590,780,810,699
372040030,3,善通寺市,上吉田町,0,,,2656,1308,1348,1363
37204003001,4,善通寺市,上吉田町一丁目,0,,,237,126,111,108
37204003002,4,善通寺市,上吉田町二丁目,0,,,123,62,61,72
37204003003,4,善通寺市,上吉田町三丁目,0,,,216,105,111,104
37204003004,4,善通寺市,上吉田町四丁目,0,,,308,145,163,153
37204003005,4,善通寺市,上吉田町五丁目,0,,,263,115,148,139
37204003006,4,善通寺市,上吉田町六丁目,0,,,262,123,139,148
37204003007,4,善通寺市,上吉田町七丁目,0,,,301,144,157,128
37204003008,4,善通寺市,上吉田町八丁目,0,,,295,153,142,152
37204003009,4,善通寺市,上吉田町,0,,,651,335,316,359
372040040,2,善通寺市,生野町,0,,,2227,1152,1075,951
372040050,2,善通寺市,大麻町,0,,,1665,798,867,706
372040060,3,善通寺市,善通寺町,0,,,4279,2121,2158,1976
37204006001,4,善通寺市,善通寺町一丁目,0,,,146,65,81,71
37204006002,4,善通寺市,善通寺町二丁目,0,,,126,63,63,52
37204006003,4,善通寺市,善通寺町三丁目,0,,,147,65,82,71
37204006004,4,善通寺市,善通寺町四丁目,0,,,122,69,53,67
37204006005,4,善通寺市,善通寺町五丁目,0,,,200,97,103,89
37204006006,4,善通寺市,善通寺町六丁目,0,,,253,123,130,144
37204006007,4,善通寺市,善通寺町七丁目,0,,,234,92,142,140
37204006008,4,善通寺市,善通寺町,0,,,3051,1547,1504,1342
372040070,2,善通寺市,櫛梨町,0,,,425,234,191,168
372040080,2,善通寺市,与北町,0,,,1845,891,954,801
372040090,2,善通寺市,木徳町,0,,,1452,719,733,561
372040100,2,善通寺市,原田町,0,,,2981,1435,1546,1156
372040110,2,善通寺市,金蔵寺町,0,,,1699,834,865,731
372040120,3,善通寺市,中村町,0,,,2566,1201,1365,1006
37204012001,4,善通寺市,中村町一丁目,0,,,213,109,104,116
37204012002,4,善通寺市,中村町,0,,,2353,1092,1261,890
372040130,2,善通寺市,弘田町,0,,,1486,707,779,559
372040140,2,善通寺市,吉原町,0,,,2091,1024,1067,867
372040150,2,善通寺市,碑殿町,0,,,300,140,160,116
372040160,3,善通寺市,文京町,0,,,716,341,375,353
37204016001,4,善通寺市,文京町一丁目,0,,,50,30,20,31
37204016002,4,善通寺市,文京町二丁目,0,,,406,204,202,225
37204016003,4,善通寺市,文京町三丁目,0,,,60,22,38,5
37204016004,4,善通寺市,文京町四丁目,0,,,200,85,115,92
372040170,3,善通寺市,生野本町,0,,,504,256,248,264
37204017001,4,善通寺市,生野本町一丁目,0,,,63,27,36,35
37204017002,4,善通寺市,生野本町二丁目,0,,,441,229,212,229
372040180,3,善通寺市,南町,0,,,1184,932,252,191
37204018001,4,善通寺市,南町一丁目,0,,,-,-,-,-
37204018002,4,善通寺市,南町二丁目,0,,,863,777,86,27
37204018003,4,善通寺市,南町三丁目,0,,,321,155,166,164
372040190,3,善通寺市,仙遊町,0,,,794,315,479,172
37204019001,4,善通寺市,仙遊町一丁目,0,,,176,79,97,81
37204019002,4,善通寺市,仙遊町二丁目,0,,,618,236,382,91
37205,1,観音寺市,,0,,,57438,27578,29860,22947
372050011,3,観音寺市,昭和町,0,,,804,390,414,344
37205001101,4,観音寺市,昭和町一丁目,0,,,304,143,161,127
37205001102,4,観音寺市,昭和町二丁目,0,,,128,65,63,68
37205001103,4,観音寺市,昭和町三丁目,0,,,372,182,190,149
372050012,3,観音寺市,坂本町,0,,,1423,707,716,631
37205001201,4,観音寺市,坂本町一丁目,0,,,9,5,4,5
37205001202,4,観音寺市,坂本町二丁目,0,,,146,82,64,71
37205001203,4,観音寺市,坂本町三丁目,0,,,271,132,139,141
37205001204,4,観音寺市,坂本町四丁目,0,,,98,52,46,42
37205001205,4,観音寺市,坂本町五丁目,0,,,387,183,204,171
37205001206,4,観音寺市,坂本町六丁目,0,,,196,96,100,67
37205001207,4,観音寺市,坂本町七丁目,0,,,316,157,159,134
372050013,3,観音寺市,天神町,0,,,499,243,256,233
37205001301,4,観音寺市,天神町一丁目,0,,,85,31,54,44
37205001302,4,観音寺市,天神町二丁目,0,,,198,106,92,87
37205001303,4,観音寺市,天神町三丁目,0,,,216,106,110,102
372050014,3,観音寺市,茂木町,0,,,898,405,493,378
37205001401,4,観音寺市,茂木町一丁目,0,,,189,89,100,81
37205001402,4,観音寺市,茂木町二丁目,0,,,138,76,62,89
37205001403,4,観音寺市,茂木町三丁目,0,,,247,119,128,105
37205001404,4,観音寺市,茂木町四丁目,0,,,144,50,94,47
37205001405,4,観音寺市,茂木町五丁目,0,,,180,71,109,56
372050015,3,観音寺市,茂西町,0,,,204,91,113,75
37205001501,4,観音寺市,茂西町一丁目,0,,,134,59,75,42
37205001502,4,観音寺市,茂西町二丁目,0,,,70,32,38,33
372050016,3,観音寺市,南町,0,,,876,427,449,415
37205001601,4,観音寺市,南町一丁目,0,,,338,164,174,146
37205001602,4,観音寺市,南町二丁目,0,,,172,74,98,95
37205001603,4,観音寺市,南町三丁目,0,,,10,6,4,4
37205001604,4,観音寺市,南町四丁目,0,,,170,90,80,79
37205001605,4,観音寺市,南町五丁目,0,,,186,93,93,91
372050017,3,観音寺市,栄町,0,,,221,111,110,71
37205001701,4,観音寺市,栄町一丁目,0,,,33,20,13,15
37205001702,4,観音寺市,栄町二丁目,0,,,54,29,25,24
37205001703,4,観音寺市,栄町三丁目,0,,,134,62,72,32
372050018,2,観音寺市,幸町,0,,,97,42,55,50
372050019,3,観音寺市,西本町,0,,,479,228,251,210
37205001901,4,観音寺市,西本町一丁目,0,,,200,94,106,87
37205001902,4,観音寺市,西本町二丁目,0,,,279,134,145,123
372050020,2,観音寺市,有明町,0,,,255,121,134,94
372050030,3,観音寺市,八幡町,0,,,658,318,340,298
37205003001,4,観音寺市,八幡町一丁目,0,,,172,83,89,74
37205003002,4,観音寺市,八幡町二丁目,0,,,130,66,64,52
37205003003,4,観音寺市,八幡町三丁目,0,,,356,169,187,172
372050040,3,観音寺市,三本松町,0,,,838,389,449,412
37205004001,4,観音寺市,三本松町一丁目,0,,,174,68,106,93
37205004002,4,観音寺市,三本松町二丁目,0,,,445,215,230,216
37205004003,4,観音寺市,三本松町三丁目,0,,,200,95,105,96
37205004004,4,観音寺市,三本松町四丁目,0,,,19,11,8,7
372050050,3,観音寺市,琴浪町,0,,,259,121,138,111
37205005001,4,観音寺市,琴浪町一丁目,0,,,232,106,126,103
37205005002,4,観音寺市,琴浪町二丁目,0,,,27,15,12,8
372050060,3,観音寺市,瀬戸町,0,,,1268,620,648,487
37205006001,4,観音寺市,瀬戸町一丁目,0,,,412,198,214,150
37205006002,4,観音寺市,瀬戸町二丁目,0,,,417,208,209,141
37205006003,4,観音寺市,瀬戸町三丁目,0,,,439,214,225,196
37205006004,4,観音寺市,瀬戸町四丁目,0,,,-,-,-,-
372050070,2,観音寺市,高屋町,0,,,1745,841,904,660
372050080,2,観音寺市,室本町,0,,,1420,680,740,611
372050090,2,観音寺市,流岡町,0,,,937,468,469,400
372050100,2,観音寺市,村黒町,0,,,1565,706,859,594
372050110,2,観音寺市,植田町,0,,,2007,972,1035,821
372050120,2,観音寺市,出作町,0,,,1985,975,1010,810
372050130,2,観音寺市,柞田町,0,,,7497,3636,3861,2918
372050140,2,観音寺市,木之郷町,0,,,1045,478,567,389
372050150,2,観音寺市,新田町,0,,,907,421,486,337
372050160,2,観音寺市,原町,0,,,669,313,356,253
372050170,2,観音寺市,池之尻町,0,,,1787,862,925,720
372050180,2,観音寺市,粟井町,0,,,1538,754,784,576
372050190,2,観音寺市,中田井町,0,,,736,346,390,290
372050200,2,観音寺市,本大町,0,,,1315,624,691,600
372050210,2,観音寺市,古川町,0,,,1144,542,602,460
372050220,2,観音寺市,吉岡町,0,,,1377,652,725,610
372050230,2,観音寺市,伊吹町,0,,,323,152,171,164
372050240,2,観音寺市,大野原町海老済,0,,,47,24,23,22
372050250,2,観音寺市,大野原町萩原,0,,,1457,710,747,533
372050260,2,観音寺市,大野原町大野原,0,,,4965,2409,2556,1836
372050270,2,観音寺市,大野原町花稲,0,,,1068,515,553,347
372050280,2,観音寺市,大野原町中姫,0,,,1238,587,651,457
372050290,2,観音寺市,大野原町青岡,0,,,370,187,183,129
372050300,2,観音寺市,大野原町有木,0,,,82,43,39,29
372050310,2,観音寺市,大野原町田野々,0,,,138,71,67,49
372050320,2,観音寺市,大野原町内野々,0,,,257,75,182,43
372050330,2,観音寺市,大野原町井関,0,,,305,141,164,122
372050340,2,観音寺市,大野原町丸井,0,,,602,307,295,224
372050350,2,観音寺市,大野原町福田原,0,,,296,149,147,107
372050360,2,観音寺市,豊浜町姫浜,0,,,1993,936,1057,812
372050370,2,観音寺市,豊浜町和田浜,0,,,1592,753,839,665
372050380,2,観音寺市,豊浜町和田,0,,,2539,1269,1270,953
372050390,2,観音寺市,豊浜町箕浦,0,,,1051,501,550,403
372050400,3,観音寺市,港町,0,,,415,202,213,172
37205040001,4,観音寺市,港町一丁目,0,,,158,72,86,77
37205040002,4,観音寺市,港町二丁目,0,,,257,130,127,95
372050410,2,観音寺市,観音寺町,0,,,2247,1064,1183,1022
37206,1,さぬき市,,0,,,47003,22484,24519,19445
372060010,3,さぬき市,志度,0,,,12386,6058,6328,5829
37206001001,4,さぬき市,志度,0,,,8993,4431,4562,4374
37206001002,4,さぬき市,志度,0,,,3393,1627,1766,1455
372060020,2,さぬき市,末,0,,,292,138,154,111
372060030,2,さぬき市,鴨庄,0,,,3472,1719,1753,1485
372060040,2,さぬき市,小田,0,,,900,442,458,408
372060050,2,さぬき市,鴨部,0,,,1933,914,1019,757
372060060,2,さぬき市,津田町津田,0,,,3897,1776,2121,1656
372060070,2,さぬき市,津田町鶴羽,0,,,1824,846,978,768
372060080,2,さぬき市,大川町富田中,0,,,1456,674,782,541
372060090,2,さぬき市,大川町富田東,0,,,601,290,311,247
372060100,2,さぬき市,大川町田面,0,,,802,349,453,272
372060110,2,さぬき市,大川町南川,0,,,379,181,198,150
372060120,2,さぬき市,大川町富田西,0,,,1910,926,984,743
372060130,2,さぬき市,寒川町石田東,0,,,1787,831,956,628
372060140,2,さぬき市,寒川町石田西,0,,,1796,885,911,614
372060150,2,さぬき市,寒川町神前,0,,,1614,758,856,601
372060160,2,さぬき市,昭和,0,,,1305,606,699,442
372060170,2,さぬき市,長尾西,0,,,3336,1601,1735,1277
372060180,2,さぬき市,長尾東,0,,,2016,942,1074,776
372060190,2,さぬき市,長尾名,0,,,848,408,440,320
372060200,2,さぬき市,前山,0,,,256,123,133,113
372060210,2,さぬき市,多和,0,,,392,182,210,171
372060220,2,さぬき市,造田乙井,0,,,224,113,111,82
372060230,2,さぬき市,造田宮西,0,,,752,366,386,290
372060240,2,さぬき市,造田是弘,0,,,1957,923,1034,812
372060250,2,さぬき市,造田野間田,0,,,868,433,435,352
37207,1,東かがわ市,,0,,,28279,13358,14921,11931
372070010,2,東かがわ市,松原,0,,,2850,1351,1499,1286
372070020,2,東かがわ市,伊座,0,,,311,146,165,133
372070030,2,東かがわ市,帰来,0,,,923,459,464,410
372070040,2,東かがわ市,白鳥,0,,,2177,1040,1137,849
372070050,2,東かがわ市,湊,0,,,2017,907,1110,844
372070060,2,東かがわ市,東山,0,,,258,125,133,101
372070070,2,東かがわ市,西山,0,,,230,110,120,90
372070080,2,東かがわ市,与田山,0,,,311,151,160,139
372070090,2,東かがわ市,入野山,0,,,330,164,166,137
372070100,2,東かがわ市,五名,0,,,231,116,115,108
372070110,2,東かがわ市,引田,0,,,3559,1668,1891,1499
372070120,2,東かがわ市,吉田,0,,,333,157,176,150
372070130,2,東かがわ市,馬宿,0,,,267,128,139,128
372070140,2,東かがわ市,南野,0,,,479,233,246,199
372070150,2,東かがわ市,黒羽,0,,,440,219,221,174
372070160,2,東かがわ市,坂元,0,,,268,125,143,112
372070170,2,東かがわ市,川股,0,,,128,60,68,54
372070180,2,東かがわ市,小海,0,,,538,266,272,217
372070190,2,東かがわ市,三本松,0,,,3011,1385,1626,1369
372070200,2,東かがわ市,西村,0,,,874,418,456,339
372070210,2,東かがわ市,横内,0,,,1267,601,666,542
372070220,2,東かがわ市,中筋,0,,,890,432,458,359
372070230,2,東かがわ市,川東,0,,,1165,556,609,493
372070240,2,東かがわ市,水主,0,,,888,428,460,355
372070250,2,東かがわ市,小磯,0,,,393,184,209,158
372070260,2,東かがわ市,落合,0,,,585,291,294,239
372070270,2,東かがわ市,中山,0,,,249,123,126,97
372070280,2,東かがわ市,三殿,0,,,380,190,190,155
372070290,2,東かがわ市,町田,0,,,1011,480,531,433
372070300,2,東かがわ市,大谷,0,,,425,194,231,166
372070310,2,東かがわ市,松崎,0,,,390,180,210,158
372070320,2,東かがわ市,馬篠,0,,,541,237,304,169
372070330,2,東かがわ市,土居,0,,,332,152,180,143
372070340,2,東かがわ市,小砂,0,,,162,82,80,60
372070350,2,東かがわ市,大内,0,,,66,-,66,66
37208,1,三豊市,,0,,,61857,29770,32087,23083
372080010,2,三豊市,高瀬町上高瀬,0,,,2689,1305,1384,989
372080020,2,三豊市,高瀬町新名,0,,,1532,722,810,615
372080030,2,三豊市,高瀬町上勝間,0,,,964,471,493,351
372080040,2,三豊市,高瀬町下勝間,0,,,2734,1381,1353,1002
372080050,2,三豊市,高瀬町羽方,0,,,720,346,374,242
372080060,2,三豊市,高瀬町佐股,0,,,1274,621,653,395
372080070,2,三豊市,高瀬町比地中,0,,,1492,677,815,555
372080080,2,三豊市,高瀬町比地,0,,,1186,582,604,416
372080090,2,三豊市,高瀬町下麻,0,,,1007,468,539,365
372080100,2,三豊市,高瀬町上麻,0,,,1030,515,515,381
372080110,2,三豊市,山本町辻,0,,,2142,1003,1139,767
372080120,2,三豊市,山本町河内,0,,,796,394,402,299
372080130,2,三豊市,山本町大野,0,,,1325,635,690,489
372080140,2,三豊市,山本町財田西,0,,,856,414,442,321
372080150,2,三豊市,山本町神田,0,,,1176,569,607,448
372080160,2,三豊市,三野町吉津,0,,,2612,1250,1362,933
372080170,2,三豊市,三野町下高瀬,0,,,3138,1515,1623,1191
372080180,2,三豊市,三野町大見,0,,,3053,1474,1579,1081
372080190,2,三豊市,豊中町下高野,0,,,1143,533,610,419
372080200,2,三豊市,豊中町岡本,0,,,1474,702,772,577
372080210,2,三豊市,豊中町比地大,0,,,1675,832,843,570
372080220,2,三豊市,豊中町笠田笠岡,0,,,1699,845,854,658
372080230,2,三豊市,豊中町笠田竹田,0,,,614,277,337,189
372080240,2,三豊市,豊中町上高野,0,,,1825,914,911,679
372080250,2,三豊市,豊中町本山甲,0,,,1733,842,891,628
372080260,2,三豊市,豊中町本山乙,0,,,589,261,328,266
372080270,2,三豊市,詫間町松崎,0,,,2855,1333,1522,1174
372080280,2,三豊市,詫間町詫間,0,,,7322,3443,3879,2916
372080290,2,三豊市,詫間町香田,0,,,308,223,85,50
372080300,2,三豊市,詫間町大浜,0,,,1166,551,615,459
372080310,2,三豊市,詫間町積,0,,,186,86,100,83
372080320,2,三豊市,詫間町箱,0,,,209,103,106,90
372080330,2,三豊市,詫間町生里,0,,,252,128,124,111
372080340,2,三豊市,詫間町粟島,0,,,154,75,79,102
372080350,2,三豊市,詫間町志々島,0,,,19,11,8,15
372080360,2,三豊市,仁尾町仁尾,0,,,5279,2505,2774,1969
372080370,2,三豊市,仁尾町家の浦,0,,,113,52,61,44
372080380,2,三豊市,財田町財田上,0,,,2199,1051,1148,774
372080390,2,三豊市,財田町財田中,0,,,1317,661,656,470
37322,1,土庄町,,0,,,12846,6044,6802,5750
373220010,3,土庄町,土庄,0,,,4525,2133,2392,2047
37322001001,4,土庄町,土庄,0,,,15,5,10,8
37322001002,4,土庄町,土庄,0,,,30,15,15,13
37322001003,4,土庄町,土庄,0,,,40,21,19,22
37322001004,4,土庄町,土庄,0,,,36,14,22,15
37322001005,4,土庄町,土庄,0,,,225,109,116,97
37322001006,4,土庄町,土庄,0,,,57,25,32,30
37322001007,4,土庄町,土庄,0,,,444,174,270,158
37322001008,4,土庄町,土庄,0,,,26,11,15,15
37322001009,4,土庄町,土庄,0,,,20,11,9,11
37322001010,4,土庄町,土庄,0,,,96,42,54,52
37322001011,4,土庄町,土庄,0,,,27,10,17,13
37322001012,4,土庄町,土庄,0,,,120,54,66,58
37322001013,4,土庄町,土庄,0,,,49,22,27,26
37322001014,4,土庄町,土庄,0,,,71,38,33,39
37322001015,4,土庄町,土庄,0,,,126,61,65,58
37322001016,4,土庄町,土庄,0,,,320,153,167,145
37322001017,4,土庄町,土庄,0,,,271,133,138,138
37322001018,4,土庄町,土庄,0,,,692,329,363,306
37322001019,4,土庄町,土庄,0,,,219,110,109,101
37322001020,4,土庄町,土庄,0,,,207,94,113,97
37322001021,4,土庄町,土庄,0,,,262,123,139,120
37322001022,4,土庄町,土庄,0,,,796,391,405,348
37322001023,4,土庄町,土庄,0,,,343,173,170,163
37322001024,4,土庄町,土庄,0,,,-,-,-,-
37322001025,4,土庄町,土庄,0,,,33,15,18,14
373220020,3,土庄町,渕崎,0,,,2520,1182,1338,1045
37322002001,4,土庄町,渕崎,0,,,268,123,145,110
37322002002,4,土庄町,渕崎,0,,,483,191,292,140
37322002003,4,土庄町,渕崎,0,,,829,402,427,369
37322002004,4,土庄町,渕崎,0,,,75,44,31,34
37322002005,4,土庄町,渕崎,0,,,811,390,421,368
37322002006,4,土庄町,渕崎,0,,,54,32,22,24
373220030,3,土庄町,上庄,0,,,764,351,413,355
37322003001,4,土庄町,上庄,0,,,173,77,96,86
37322003002,4,土庄町,上庄,0,,,287,138,149,134
37322003003,4,土庄町,上庄,0,,,304,136,168,135
373220040,2,土庄町,肥土山,0,,,558,279,279,239
373220050,2,土庄町,黒岩,0,,,173,87,86,73
373220060,2,土庄町,小馬越,0,,,110,59,51,55
373220070,2,土庄町,笠滝,0,,,76,39,37,25
373220080,2,土庄町,小海,0,,,351,166,185,147
373220090,2,土庄町,見目,0,,,214,99,115,99
373220100,2,土庄町,屋形崎,0,,,255,113,142,107
373220110,2,土庄町,馬越,0,,,207,105,102,90
373220120,3,土庄町,伊喜末,0,,,502,232,270,208
37322012001,4,土庄町,伊喜末,0,,,493,227,266,204
37322012002,4,土庄町,伊喜末小豊島,0,,,9,5,4,4
373220130,3,土庄町,小江,0,,,409,189,220,165
37322013001,4,土庄町,小江,0,,,351,158,193,143
37322013002,4,土庄町,小江,0,,,58,31,27,22
373220140,2,土庄町,長浜,0,,,374,184,190,160
373220150,2,土庄町,滝宮,0,,,116,61,55,59
373220160,3,土庄町,豊島家浦,0,,,461,216,245,242
37322016001,4,土庄町,豊島家浦,0,,,135,56,79,89
37322016002,4,土庄町,豊島家浦,0,,,226,116,110,109
37322016003,4,土庄町,豊島家浦,0,,,100,44,56,44
373220170,3,土庄町,豊島唐櫃,0,,,247,112,135,130
37322017001,4,土庄町,豊島唐櫃,0,,,102,47,55,56
37322017002,4,土庄町,豊島唐櫃,0,,,145,65,80,74
373220180,2,土庄町,豊島甲生,0,,,60,27,33,38
373220190,3,土庄町,大部,0,,,719,318,401,357
37322019001,4,土庄町,大部,0,,,191,64,127,118
37322019002,4,土庄町,大部,0,,,151,75,76,67
37322019003,4,土庄町,大部,0,,,208,97,111,94
37322019004,4,土庄町,大部,0,,,169,82,87,78
373220200,3,土庄町,小部,0,,,205,92,113,109
37322020001,4,土庄町,小部,0,,,182,82,100,96
37322020002,4,土庄町,小部,0,,,23,10,13,13
37324,1,小豆島町,,0,,,13870,6621,7249,6160
373240010,2,小豆島町,蒲生,0,,,874,395,479,351
373240020,2,小豆島町,池田,0,,,2231,1055,1176,824
373240030,2,小豆島町,中山,0,,,286,137,149,120
373240040,2,小豆島町,室生,0,,,308,142,166,145
373240050,2,小豆島町,吉野,0,,,110,53,57,55
373240060,2,小豆島町,二面,0,,,314,152,162,142
373240070,2,小豆島町,蒲野,0,,,247,123,124,127
373240080,2,小豆島町,神浦,0,,,107,54,53,58
373240090,2,小豆島町,当浜,0,,,73,33,40,38
373240100,2,小豆島町,岩谷,0,,,68,26,42,32
373240110,2,小豆島町,安田,0,,,1687,797,890,731
373240120,2,小豆島町,木庄,0,,,264,125,139,120
373240130,2,小豆島町,橘,0,,,356,192,164,180
373240140,2,小豆島町,苗羽,0,,,926,418,508,414
373240150,2,小豆島町,古江,0,,,106,51,55,48
373240160,2,小豆島町,堀越,0,,,75,36,39,40
373240170,2,小豆島町,田浦,0,,,60,31,29,32
373240180,2,小豆島町,坂手,0,,,476,229,247,225
373240190,2,小豆島町,西村,0,,,1141,541,600,482
373240200,2,小豆島町,草壁本町,0,,,1130,558,572,614
373240210,2,小豆島町,片城,0,,,763,354,409,330
373240220,2,小豆島町,神懸通,0,,,683,335,348,308
373240230,2,小豆島町,吉田,0,,,79,37,42,39
373240240,2,小豆島町,福田,0,,,613,309,304,299
373240250,2,小豆島町,馬木,0,,,893,438,455,406
37341,1,三木町,,0,,,26878,12943,13935,10889
373410010,2,三木町,大字氷上,0,,,6349,3046,3303,2372
373410020,2,三木町,大字上高岡,0,,,1234,599,635,438
373410030,2,三木町,大字下高岡,0,,,2973,1398,1575,1096
373410040,2,三木町,大字井戸,0,,,2392,1137,1255,929
373410050,2,三木町,大字鹿庭,0,,,643,305,338,264
373410060,2,三木町,大字奥山,0,,,190,95,95,91
373410070,2,三木町,大字朝倉,0,,,280,145,135,123
373410080,2,三木町,大字小蓑,0,,,96,53,43,55
373410090,2,三木町,大字田中,0,,,2177,1062,1115,873
373410100,2,三木町,大字池戸,0,,,5357,2575,2782,2548
373410110,2,三木町,大字平木,0,,,2607,1282,1325,1065
373410120,2,三木町,大字井上,0,,,1641,785,856,640
373410130,2,三木町,大字鹿伏,0,,,939,461,478,395
37364,1,直島町,,0,,,3103,1646,1457,1563
373640010,2,直島町,,0,,,3103,1646,1457,1563
37386,1,宇多津町,,0,,,18699,9180,9519,8734
373860010,3,宇多津町,,0,,,8636,4253,4383,3902
37386001000,4,宇多津町,,0,,,6946,3448,3498,3197
37386001001,4,宇多津町,,0,,,1690,805,885,705
373860020,2,宇多津町,東分,0,,,1519,752,767,612
373860030,3,宇多津町,浜,0,,,8544,4175,4369,4220
37386003001,4,宇多津町,浜一番丁,0,,,330,161,169,166
37386003002,4,宇多津町,浜二番丁,0,,,321,148,173,250
37386003003,4,宇多津町,浜三番丁,0,,,389,222,167,247
37386003004,4,宇多津町,浜四番丁,0,,,553,284,269,259
37386003005,4,宇多津町,浜五番丁,0,,,1804,880,924,897
37386003006,4,宇多津町,浜六番丁,0,,,2191,1072,1119,1022
37386003007,4,宇多津町,浜七番丁,0,,,1514,720,794,739
37386003008,4,宇多津町,浜八番丁,0,,,662,311,351,292
37386003009,4,宇多津町,浜九番丁,0,,,780,377,403,348
37387,1,綾川町,,0,,,22693,10999,11694,8858
373870010,2,綾川町,枌所東,0,,,452,238,214,156
373870020,2,綾川町,枌所西,0,,,239,119,120,108
373870030,2,綾川町,山田上,0,,,850,416,434,337
373870040,2,綾川町,山田下,0,,,1260,592,668,466
373870050,2,綾川町,東分,0,,,377,184,193,161
373870060,2,綾川町,西分,0,,,507,238,269,212
373870070,2,綾川町,羽床上,0,,,755,376,379,284
373870080,2,綾川町,牛川,0,,,454,240,214,199
373870090,2,綾川町,畑田,0,,,3976,1868,2108,1588
373870100,2,綾川町,千疋,0,,,784,405,379,316
373870110,2,綾川町,陶,0,,,5357,2638,2719,2084
373870120,2,綾川町,滝宮,0,,,3492,1654,1838,1291
373870130,2,綾川町,萱原,0,,,1919,923,996,784
373870140,2,綾川町,北,0,,,728,383,345,267
373870150,2,綾川町,小野,0,,,646,282,364,242
373870160,2,綾川町,羽床下,0,,,897,443,454,363
37403,1,琴平町,,0,,,8468,3938,4530,3675
374030010,2,琴平町,榎井,0,,,2185,1037,1148,931
374030020,2,琴平町,五條,0,,,1485,713,772,676
374030030,2,琴平町,,0,,,2262,952,1310,1078
374030040,2,琴平町,下櫛梨,0,,,539,280,259,212
374030050,2,琴平町,上櫛梨,0,,,802,392,410,307
374030060,2,琴平町,苗田,0,,,1195,564,631,471
37404,1,多度津町,,0,,,22445,11373,11072,9770
374040010,3,多度津町,栄町,0,,,591,265,326,267
37404001001,4,多度津町,栄町一丁目,0,,,178,80,98,93
37404001002,4,多度津町,栄町二丁目,0,,,244,110,134,99
37404001003,4,多度津町,栄町三丁目,0,,,169,75,94,75
374040020,2,多度津町,仲ノ町,0,,,164,82,82,72
374040030,2,多度津町,元町,0,,,262,129,133,118
374040040,2,多度津町,京町,0,,,498,246,252,245
374040050,3,多度津町,本通,0,,,1016,495,521,480
37404005001,4,多度津町,本通一丁目,0,,,342,156,186,150
37404005002,4,多度津町,本通二丁目,0,,,506,247,259,239
37404005003,4,多度津町,本通三丁目,0,,,168,92,76,91
374040060,2,多度津町,桃山,0,,,-,-,-,-
374040070,2,多度津町,西浜,0,,,217,105,112,111
374040080,2,多度津町,東浜,0,,,193,95,98,99
374040090,2,多度津町,大通り,0,,,100,46,54,45
374040100,2,多度津町,東港町,0,,,114,112,2,111
374040110,2,多度津町,家中,0,,,387,180,207,169
374040120,2,多度津町,日の出町,0,,,395,185,210,163
374040130,2,多度津町,東新町,0,,,236,129,107,103
374040140,3,多度津町,桜川,0,,,581,269,312,244
37404014001,4,多度津町,桜川一丁目,0,,,346,156,190,137
37404014002,4,多度津町,桜川二丁目,0,,,235,113,122,107
374040150,2,多度津町,寿町,0,,,575,217,358,180
374040160,3,多度津町,堀江,0,,,1607,939,668,790
37404016001,4,多度津町,堀江一丁目,0,,,172,78,94,69
37404016002,4,多度津町,堀江二丁目,0,,,233,138,95,116
37404016003,4,多度津町,堀江三丁目,0,,,497,245,252,206
37404016004,4,多度津町,堀江四丁目,0,,,702,475,227,396
37404016005,4,多度津町,堀江五丁目,0,,,3,3,-,3
374040170,3,多度津町,北鴨,0,,,940,449,491,380
37404017001,4,多度津町,北鴨一丁目,0,,,523,264,259,227
37404017002,4,多度津町,北鴨二丁目,0,,,177,68,109,45
37404017003,4,多度津町,北鴨三丁目,0,,,240,117,123,108
374040190,2,多度津町,幸町,0,,,203,107,96,101
374040200,2,多度津町,若葉町,0,,,293,145,148,133
374040210,2,多度津町,大字道福寺,0,,,1614,780,834,642
374040220,2,多度津町,大字南鴨,0,,,1592,781,811,582
374040230,2,多度津町,大字葛原,0,,,2045,999,1046,823
374040240,2,多度津町,大字庄,0,,,1527,772,755,642
374040250,2,多度津町,大字青木,0,,,1077,521,556,466
374040260,2,多度津町,大字三井,0,,,1137,568,569,398
374040270,2,多度津町,大字山階,0,,,1882,921,961,717
374040280,2,多度津町,西港町,0,,,936,746,190,721
374040290,2,多度津町,大字東白方,0,,,481,223,258,215
374040300,2,多度津町,大字西白方,0,,,787,390,397,312
374040310,2,多度津町,大字奥白方,0,,,711,348,363,296
374040320,2,多度津町,大字見立,0,,,202,90,112,85
374040330,2,多度津町,高見,0,,,25,16,9,18
374040340,2,多度津町,佐柳,0,,,57,23,34,42
37406,1,まんのう町,,0,,,17401,8346,9055,6531
374060010,2,まんのう町,造田,0,,,895,450,445,373
374060020,2,まんのう町,中通,0,,,382,195,187,148
374060030,2,まんのう町,川東,0,,,446,205,241,215
374060040,2,まんのう町,勝浦,0,,,182,96,86,91
374060050,2,まんのう町,公文,0,,,568,272,296,212
374060060,2,まんのう町,東高篠,0,,,1350,660,690,455
374060070,2,まんのう町,西高篠,0,,,454,222,232,156
374060080,2,まんのう町,羽間,0,,,613,315,298,251
374060090,2,まんのう町,四條,0,,,1573,727,846,611
374060100,2,まんのう町,吉野下,0,,,1528,733,795,588
374060110,2,まんのう町,岸上,0,,,865,402,463,316
374060120,2,まんのう町,真野,0,,,503,253,250,185
374060130,2,まんのう町,吉野,0,,,1859,912,947,708
374060140,2,まんのう町,炭所東,0,,,445,217,228,166
374060150,2,まんのう町,炭所西,0,,,1025,483,542,364
374060160,2,まんのう町,長尾,0,,,1035,481,554,346
374060170,2,まんのう町,佐文,0,,,421,209,212,143
374060190,2,まんのう町,七箇,0,,,1264,602,662,431
374060200,2,まんのう町,塩入,0,,,70,35,35,31
374060210,2,まんのう町,帆山,0,,,363,157,206,113
374060220,2,まんのう町,後山,0,,,64,36,28,22
374060230,2,まんのう町,大口,0,,,155,77,78,63
374060240,2,まんのう町,追上,0,,,135,63,72,52
374060250,2,まんのう町,新目,0,,,214,102,112,81
374060260,2,まんのう町,山脇,0,,,161,78,83,64
374060270,2,まんのう町,買田,0,,,541,234,307,207
374060280,2,まんのう町,生間,0,,,109,49,60,47
374060290,2,まんのう町,宮田,0,,,181,81,100,92
